"Cats are good pets, for they are clean and are not noisy."
The lake is a long way from here.
"We have never been to Asia, nor have we visited Africa."
The old apple revels in its authority.
The quick brown fox jumps over the lazy dog.
She always speaks to him in a loud voice.
Two seats were vacant.
The memory we used to share is no longer coherent.
I am never at home on Sundays.
"I think I will buy the red car, or I will lease the blue one."
"She wrote him a long letter, but he didn\'t read it."
Lets all be unique together until we realise we are all the same.
My Mum tries to be cool by saying that she likes all the same things that I do.
I hear that Nancy is very pretty.
The river stole the gods.
Please wait outside of the house.
Joe made the sugar cookies; Susan decorated them.
Abstraction is often one floor above you.
Writing a list of random sentences is harder than I initially thought it would be.
I am happy to take your donation; any amount will be greatly appreciated.
"She works two jobs to make ends meet; at least, that was her reason for not having time to join us."
The stranger officiates the meal.
Someone I know recently combined Maple Syrup & buttered Popcorn thinking it would taste like caramel popcorn. It didn\'t and they don\'t recommend anyone else do it either.
The book is in front of the table.
Is it free?
"Wednesday is hump day, but has anyone asked the camel if he\'s happy about it?"
"I am counting my calories, yet I really want dessert."
She folded her handkerchief neatly.
"There was no ice cream in the freezer, nor did they have money to go to the store."
"He didn\'t want to go to the dentist, yet he went anyway."
"It was getting dark, and we weren\'t there yet."
She was too short to see over the fence.
"He said he was not there yesterday; however, many people saw him there."
"There were white out conditions in the town; subsequently, the roads were impassable."
Don\'t step on the broken glass.
Last Friday in three week\'s time I saw a spotted striped blue worm shake hands with a legless lizard.
Mary plays the piano.
The shooter says goodbye to his love.
"Sometimes, all you need to do is completely make an ass of yourself and laugh it off to realise that life isn\'t so bad after all."
A purple pig and a green donkey flew a kite in the middle of the night and ended up sunburnt.
She did her best to help him.
The waves were crashing on the shore; it was a lovely sight.
He told us a very exciting adventure story.
When I was little I had a car door slammed shut on my hand. I still remember it quite vividly.
"Yeah, I think it\'s a good environment for learning English."
I currently have 4 windows open up and I don\'t know why.
A song can make or ruin a person\'s day if they let it get to them.
Tom got a small piece of pie.
Christmas is coming.
I\'d rather be a bird than a fish.
The sky is clear; the stars are twinkling.
Rock music approaches at high velocity.
If the Easter Bunny and the Tooth Fairy had babies would they take your teeth and leave chocolate for you?
"Italy is my favorite country; in fact, I plan to spend two weeks there next year."
A glittering gem is not enough.
She did her best to help him.
"If I don\'t like something, I\'ll stay away from it."
She borrowed the book from him many years ago and hasn\'t yet returned it.
Hurry!
"We have never been to Asia, nor have we visited Africa."
She only paints with bold colors; she does not like pastels.
This is a Japanese doll.
The book is in front of the table.
I am happy to take your donation; any amount will be greatly appreciated.
The shooter says goodbye to his love.
"Sometimes, all you need to do is completely make an ass of yourself and laugh it off to realise that life isn\'t so bad after all."
"She wrote him a long letter, but he didn\'t read it."
She was too short to see over the fence.
The sky is clear; the stars are twinkling.
"There were white out conditions in the town; subsequently, the roads were impassable."
Where do random thoughts come from?
She advised him to come back at once.
She always speaks to him in a loud voice.
I currently have 4 windows open up and I don\'t know why.
"Wow, does that work?"
The body may perhaps compensates for the loss of a true metaphysics.
I checked to make sure that he was still alive.
"Everyone was busy, so I went to the movie alone."
"I really want to go to work, but I am too sick to drive."
Sometimes it is better to just walk away from things and go back to them later when you\'re in a better frame of mind.
I often see the time 11:11 or 12:34 on clocks.
Joe made the sugar cookies; Susan decorated them.
"I am counting my calories, yet I really want dessert."
This is the last random sentence I will be writing and I am going to stop mid-sent
Writing a list of random sentences is harder than I initially thought it would be.
A glittering gem is not enough.
I\'d rather be a bird than a fish.
"Yeah, I think it\'s a good environment for learning English."
"There was no ice cream in the freezer, nor did they have money to go to the store."
Lets all be unique together until we realise we are all the same.
"I would have gotten the promotion, but my attendance wasn\'t good enough."
I will never be this young again. Ever. Oh damn I just got older.
The memory we used to share is no longer coherent.
A song can make or ruin a person\'s day if they let it get to them.
If you like tuna and tomato sauce- try combining the two. It\'s really not as bad as it sounds.
Christmas is coming.
Let me help you with your baggage.
"He didn\'t want to go to the dentist, yet he went anyway."
"She works two jobs to make ends meet; at least, that was her reason for not having time to join us."
Sixty-Four comes asking for bread.
"Should we start class now, or should we wait for everyone to get here?"
The clock within this blog and the clock on my laptop are 1 hour different from each other.
She folded her handkerchief neatly.
The waves were crashing on the shore; it was a lovely sight.
Abstraction is often one floor above you.
My Mum tries to be cool by saying that she likes all the same things that I do.
Tom got a small piece of pie.
Rock music approaches at high velocity.
Is it free?
How was the math test?
The stranger officiates the meal.
"He ran out of money, so he had to stop playing poker."
I am never at home on Sundays.
He told us a very exciting adventure story.
If Purple People Eaters are real where do they find purple people to eat?
I want to buy a onesie but know it won\'t suit me.
The old apple revels in its authority.
The river stole the gods.
Someone I know recently combined Maple Syrup & buttered Popcorn thinking it would taste like caramel popcorn. It didn\'t and they don\'t recommend anyone else do it either.
"It was getting dark, and we weren\'t there yet."
We have a lot of rain in June.
"She did not cheat on the test, for it was not the right thing to do."
"Italy is my favorite country; in fact, I plan to spend two weeks there next year."
Check back tomorrow; I will see if the book has arrived.
The quick brown fox jumps over the lazy dog.
Last Friday in three week\'s time I saw a spotted striped blue worm shake hands with a legless lizard.
"I think I will buy the red car, or I will lease the blue one."
Please wait outside of the house.
We need to rent a room for our party.
"Cats are good pets, for they are clean and are not noisy."
Mary plays the piano.
Malls are great places to shop; I can find everything I need under one roof.
The lake is a long way from here.
A purple pig and a green donkey flew a kite in the middle of the night and ended up sunburnt.
When I was little I had a car door slammed shut on my hand. I still remember it quite vividly.
Don\'t step on the broken glass.
I love eating toasted cheese and tuna sandwiches.
"Wednesday is hump day, but has anyone asked the camel if he\'s happy about it?"
"They got there early, and they got really good seats."
I was very proud of my nickname throughout high school but today- I couldn\'t be any different to what my nickname was.
I want more detailed information.
"He turned in the research paper on Friday; otherwise, he would have not passed the class."
What was the person thinking when they discovered cow\'s milk was fine for human consumption and why did they do it in the first place!?
I hear that Nancy is very pretty.
The mysterious diary records the voice.
"He said he was not there yesterday; however, many people saw him there."
Two seats were vacant.
If the Easter Bunny and the Tooth Fairy had babies would they take your teeth and leave chocolate for you?
The book is in front of the table.
"She wrote him a long letter, but he didn\'t read it."
I want more detailed information.
She always speaks to him in a loud voice.
Abstraction is often one floor above you.
"She works two jobs to make ends meet; at least, that was her reason for not having time to join us."
Don\'t step on the broken glass.
I\'d rather be a bird than a fish.
The quick brown fox jumps over the lazy dog.
"It was getting dark, and we weren\'t there yet."
A purple pig and a green donkey flew a kite in the middle of the night and ended up sunburnt.
Rock music approaches at high velocity.
"There was no ice cream in the freezer, nor did they have money to go to the store."
Hurry!
"We have never been to Asia, nor have we visited Africa."
If Purple People Eaters are real where do they find purple people to eat?
This is the last random sentence I will be writing and I am going to stop mid-sent
"Wednesday is hump day, but has anyone asked the camel if he\'s happy about it?"
I currently have 4 windows open up and I don\'t know why.
Last Friday in three week\'s time I saw a spotted striped blue worm shake hands with a legless lizard.
The river stole the gods.
I checked to make sure that he was still alive.
If you like tuna and tomato sauce- try combining the two. It\'s really not as bad as it sounds.
The memory we used to share is no longer coherent.
The body may perhaps compensates for the loss of a true metaphysics.
I love eating toasted cheese and tuna sandwiches.
The lake is a long way from here.
We have a lot of rain in June.
I often see the time 11:11 or 12:34 on clocks.
She only paints with bold colors; she does not like pastels.
The sky is clear; the stars are twinkling.
"Cats are good pets, for they are clean and are not noisy."
"I am counting my calories, yet I really want dessert."
"He turned in the research paper on Friday; otherwise, he would have not passed the class."
He told us a very exciting adventure story.
She was too short to see over the fence.
Malls are great places to shop; I can find everything I need under one roof.
"Sometimes, all you need to do is completely make an ass of yourself and laugh it off to realise that life isn\'t so bad after all."
She did her best to help him.
I want to buy a onesie but know it won\'t suit me.
Is it free?
Where do random thoughts come from?
Lets all be unique together until we realise we are all the same.
The mysterious diary records the voice.
Tom got a small piece of pie.
"He ran out of money, so he had to stop playing poker."
She advised him to come back at once.
"She did not cheat on the test, for it was not the right thing to do."
When I was little I had a car door slammed shut on my hand. I still remember it quite vividly.
We need to rent a room for our party.
Joe made the sugar cookies; Susan decorated them.
I am happy to take your donation; any amount will be greatly appreciated.
"Italy is my favorite country; in fact, I plan to spend two weeks there next year."
Christmas is coming.
"Everyone was busy, so I went to the movie alone."
"Yeah, I think it\'s a good environment for learning English."
What was the person thinking when they discovered cow\'s milk was fine for human consumption and why did they do it in the first place!?
The waves were crashing on the shore; it was a lovely sight.
Mary plays the piano.
This is a Japanese doll.
I was very proud of my nickname throughout high school but today- I couldn\'t be any different to what my nickname was.
"Should we start class now, or should we wait for everyone to get here?"
I will never be this young again. Ever. Oh damn I just got older.
"There were white out conditions in the town; subsequently, the roads were impassable."
A glittering gem is not enough.
The clock within this blog and the clock on my laptop are 1 hour different from each other.
Please wait outside of the house.
She folded her handkerchief neatly.
Let me help you with your baggage.
"I think I will buy the red car, or I will lease the blue one."
How was the math test?
"They got there early, and they got really good seats."
"I really want to go to work, but I am too sick to drive."
My Mum tries to be cool by saying that she likes all the same things that I do.
"If I don\'t like something, I\'ll stay away from it."
She borrowed the book from him many years ago and hasn\'t yet returned it.
Sixty-Four comes asking for bread.
"He said he was not there yesterday; however, many people saw him there."
"He didn\'t want to go to the dentist, yet he went anyway."
I am never at home on Sundays.
Someone I know recently combined Maple Syrup & buttered Popcorn thinking it would taste like caramel popcorn. It didn\'t and they don\'t recommend anyone else do it either.
A song can make or ruin a person\'s day if they let it get to them.
Check back tomorrow; I will see if the book has arrived.
"I would have gotten the promotion, but my attendance wasn\'t good enough."
The shooter says goodbye to his love.
I hear that Nancy is very pretty.
"Wow, does that work?"
The stranger officiates the meal.
Sometimes it is better to just walk away from things and go back to them later when you\'re in a better frame of mind.
Writing a list of random sentences is harder than I initially thought it would be.
The old apple revels in its authority.
If the Easter Bunny and the Tooth Fairy had babies would they take your teeth and leave chocolate for you?
Two seats were vacant.
A purple pig and a green donkey flew a kite in the middle of the night and ended up sunburnt.
Malls are great places to shop; I can find everything I need under one roof.
I am never at home on Sundays.
When I was little I had a car door slammed shut on my hand. I still remember it quite vividly.
"I am counting my calories, yet I really want dessert."
I often see the time 11:11 or 12:34 on clocks.
Please wait outside of the house.
The river stole the gods.
Lets all be unique together until we realise we are all the same.
Two seats were vacant.
Someone I know recently combined Maple Syrup & buttered Popcorn thinking it would taste like caramel popcorn. It didn\'t and they don\'t recommend anyone else do it either.
"I would have gotten the promotion, but my attendance wasn\'t good enough."
"Wednesday is hump day, but has anyone asked the camel if he\'s happy about it?"
I want more detailed information.
"He ran out of money, so he had to stop playing poker."
I love eating toasted cheese and tuna sandwiches.
Is it free?
The sky is clear; the stars are twinkling.
Writing a list of random sentences is harder than I initially thought it would be.
The stranger officiates the meal.
The lake is a long way from here.
If the Easter Bunny and the Tooth Fairy had babies would they take your teeth and leave chocolate for you?
Last Friday in three week\'s time I saw a spotted striped blue worm shake hands with a legless lizard.
"There were white out conditions in the town; subsequently, the roads were impassable."
If Purple People Eaters are real where do they find purple people to eat?
This is the last random sentence I will be writing and I am going to stop mid-sent
"She wrote him a long letter, but he didn\'t read it."
This is a Japanese doll.
How was the math test?
We need to rent a room for our party.
Rock music approaches at high velocity.
Abstraction is often one floor above you.
The old apple revels in its authority.
Mary plays the piano.
Don\'t step on the broken glass.
The memory we used to share is no longer coherent.
"Cats are good pets, for they are clean and are not noisy."
She only paints with bold colors; she does not like pastels.
I\'d rather be a bird than a fish.
Sometimes it is better to just walk away from things and go back to them later when you\'re in a better frame of mind.
The quick brown fox jumps over the lazy dog.
The mysterious diary records the voice.
I will never be this young again. Ever. Oh damn I just got older.
Where do random thoughts come from?
I was very proud of my nickname throughout high school but today- I couldn\'t be any different to what my nickname was.
"Yeah, I think it\'s a good environment for learning English."
A glittering gem is not enough.
My Mum tries to be cool by saying that she likes all the same things that I do.
"It was getting dark, and we weren\'t there yet."
"There was no ice cream in the freezer, nor did they have money to go to the store."
Sixty-Four comes asking for bread.
I am happy to take your donation; any amount will be greatly appreciated.
I currently have 4 windows open up and I don\'t know why.
Check back tomorrow; I will see if the book has arrived.
Tom got a small piece of pie.
I hear that Nancy is very pretty.
"Sometimes, all you need to do is completely make an ass of yourself and laugh it off to realise that life isn\'t so bad after all."
"He didn\'t want to go to the dentist, yet he went anyway."
The clock within this blog and the clock on my laptop are 1 hour different from each other.
The shooter says goodbye to his love.
The book is in front of the table.
She advised him to come back at once.
What was the person thinking when they discovered cow\'s milk was fine for human consumption and why did they do it in the first place!?
She always speaks to him in a loud voice.
The waves were crashing on the shore; it was a lovely sight.
Let me help you with your baggage.
"She did not cheat on the test, for it was not the right thing to do."
Hurry!
The body may perhaps compensates for the loss of a true metaphysics.
A song can make or ruin a person\'s day if they let it get to them.
"They got there early, and they got really good seats."
She did her best to help him.
Christmas is coming.
"Wow, does that work?"
If you like tuna and tomato sauce- try combining the two. It\'s really not as bad as it sounds.
I checked to make sure that he was still alive.
She folded her handkerchief neatly.
She was too short to see over the fence.
We have a lot of rain in June.
He told us a very exciting adventure story.
"I think I will buy the red car, or I will lease the blue one."
Joe made the sugar cookies; Susan decorated them.
"He said he was not there yesterday; however, many people saw him there."
"I really want to go to work, but I am too sick to drive."
I want to buy a onesie but know it won\'t suit me.
"If I don\'t like something, I\'ll stay away from it."
"Should we start class now, or should we wait for everyone to get here?"
"Everyone was busy, so I went to the movie alone."
"He turned in the research paper on Friday; otherwise, he would have not passed the class."
"Italy is my favorite country; in fact, I plan to spend two weeks there next year."
"She works two jobs to make ends meet; at least, that was her reason for not having time to join us."
She borrowed the book from him many years ago and hasn\'t yet returned it.
"We have never been to Asia, nor have we visited Africa."
I want more detailed information.
I love eating toasted cheese and tuna sandwiches.
The mysterious diary records the voice.
Where do random thoughts come from?
We have a lot of rain in June.
"Everyone was busy, so I went to the movie alone."
Sometimes it is better to just walk away from things and go back to them later when you\'re in a better frame of mind.
What was the person thinking when they discovered cow\'s milk was fine for human consumption and why did they do it in the first place!?
"He ran out of money, so he had to stop playing poker."
I often see the time 11:11 or 12:34 on clocks.
We need to rent a room for our party.
I was very proud of my nickname throughout high school but today- I couldn\'t be any different to what my nickname was.
The clock within this blog and the clock on my laptop are 1 hour different from each other.
If you like tuna and tomato sauce- try combining the two. It\'s really not as bad as it sounds.
"I really want to go to work, but I am too sick to drive."
I want to buy a onesie but know it won\'t suit me.
Sixty-Four comes asking for bread.
I checked to make sure that he was still alive.
"Should we start class now, or should we wait for everyone to get here?"
"They got there early, and they got really good seats."
"If I don\'t like something, I\'ll stay away from it."
She borrowed the book from him many years ago and hasn\'t yet returned it.
How was the math test?
"She did not cheat on the test, for it was not the right thing to do."
Hurry!
I will never be this young again. Ever. Oh damn I just got older.
This is the last random sentence I will be writing and I am going to stop mid-sent
Let me help you with your baggage.
Malls are great places to shop; I can find everything I need under one roof.
"He turned in the research paper on Friday; otherwise, he would have not passed the class."
She only paints with bold colors; she does not like pastels.
She advised him to come back at once.
This is a Japanese doll.
The body may perhaps compensates for the loss of a true metaphysics.
Check back tomorrow; I will see if the book has arrived.
If Purple People Eaters are real where do they find purple people to eat?
"I would have gotten the promotion, but my attendance wasn\'t good enough."
"Wow, does that work?"
"There were white out conditions in the town; subsequently, the roads were impassable."
I\'d rather be a bird than a fish.
This is a Japanese doll.
"We have never been to Asia, nor have we visited Africa."
Two seats were vacant.
She only paints with bold colors; she does not like pastels.
The waves were crashing on the shore; it was a lovely sight.
The sky is clear; the stars are twinkling.
"Italy is my favorite country; in fact, I plan to spend two weeks there next year."
How was the math test?
I currently have 4 windows open up and I don\'t know why.
We need to rent a room for our party.
I often see the time 11:11 or 12:34 on clocks.
The memory we used to share is no longer coherent.
Lets all be unique together until we realise we are all the same.
"I would have gotten the promotion, but my attendance wasn\'t good enough."
I want to buy a onesie but know it won\'t suit me.
She folded her handkerchief neatly.
If you like tuna and tomato sauce- try combining the two. It\'s really not as bad as it sounds.
Sometimes it is better to just walk away from things and go back to them later when you\'re in a better frame of mind.
She always speaks to him in a loud voice.
She advised him to come back at once.
This is the last random sentence I will be writing and I am going to stop mid-sent
"Wednesday is hump day, but has anyone asked the camel if he\'s happy about it?"
I was very proud of my nickname throughout high school but today- I couldn\'t be any different to what my nickname was.
Let me help you with your baggage.
"Wow, does that work?"
Don\'t step on the broken glass.
Mary plays the piano.
The body may perhaps compensates for the loss of a true metaphysics.
He told us a very exciting adventure story.
I checked to make sure that he was still alive.
"Yeah, I think it\'s a good environment for learning English."
The mysterious diary records the voice.
I want more detailed information.
When I was little I had a car door slammed shut on my hand. I still remember it quite vividly.
"Everyone was busy, so I went to the movie alone."
If the Easter Bunny and the Tooth Fairy had babies would they take your teeth and leave chocolate for you?
"I think I will buy the red car, or I will lease the blue one."
Last Friday in three week\'s time I saw a spotted striped blue worm shake hands with a legless lizard.
I love eating toasted cheese and tuna sandwiches.
Abstraction is often one floor above you.
Tom got a small piece of pie.
Sixty-Four comes asking for bread.
A song can make or ruin a person\'s day if they let it get to them.
"Cats are good pets, for they are clean and are not noisy."
"He didn\'t want to go to the dentist, yet he went anyway."
"If I don\'t like something, I\'ll stay away from it."
The lake is a long way from here.
I am happy to take your donation; any amount will be greatly appreciated.
"They got there early, and they got really good seats."
Hurry!
Is it free?
Check back tomorrow; I will see if the book has arrived.
"It was getting dark, and we weren\'t there yet."
If Purple People Eaters are real where do they find purple people to eat?
Where do random thoughts come from?
She borrowed the book from him many years ago and hasn\'t yet returned it.
Please wait outside of the house.
"I am counting my calories, yet I really want dessert."
"Should we start class now, or should we wait for everyone to get here?"
The shooter says goodbye to his love.
Christmas is coming.
"I really want to go to work, but I am too sick to drive."
"He ran out of money, so he had to stop playing poker."
"There was no ice cream in the freezer, nor did they have money to go to the store."
The quick brown fox jumps over the lazy dog.
My Mum tries to be cool by saying that she likes all the same things that I do.
"She works two jobs to make ends meet; at least, that was her reason for not having time to join us."
The old apple revels in its authority.
Rock music approaches at high velocity.
The clock within this blog and the clock on my laptop are 1 hour different from each other.
We have a lot of rain in June.
I am never at home on Sundays.
I hear that Nancy is very pretty.
Malls are great places to shop; I can find everything I need under one roof.
"She did not cheat on the test, for it was not the right thing to do."
What was the person thinking when they discovered cow\'s milk was fine for human consumption and why did they do it in the first place!?
Someone I know recently combined Maple Syrup & buttered Popcorn thinking it would taste like caramel popcorn. It didn\'t and they don\'t recommend anyone else do it either.
She was too short to see over the fence.
The river stole the gods.
A purple pig and a green donkey flew a kite in the middle of the night and ended up sunburnt.
She did her best to help him.
Joe made the sugar cookies; Susan decorated them.
A glittering gem is not enough.
"He said he was not there yesterday; however, many people saw him there."
I will never be this young again. Ever. Oh damn I just got older.
The stranger officiates the meal.
"Sometimes, all you need to do is completely make an ass of yourself and laugh it off to realise that life isn\'t so bad after all."
"He turned in the research paper on Friday; otherwise, he would have not passed the class."
"She wrote him a long letter, but he didn\'t read it."
Writing a list of random sentences is harder than I initially thought it would be.
The book is in front of the table.
"They got there early, and they got really good seats."
She borrowed the book from him many years ago and hasn\'t yet returned it.
The sky is clear; the stars are twinkling.
"There were white out conditions in the town; subsequently, the roads were impassable."
"Sometimes, all you need to do is completely make an ass of yourself and laugh it off to realise that life isn\'t so bad after all."
A glittering gem is not enough.
When I was little I had a car door slammed shut on my hand. I still remember it quite vividly.
I hear that Nancy is very pretty.
Don\'t step on the broken glass.
I currently have 4 windows open up and I don\'t know why.
Is it free?
We have a lot of rain in June.
Two seats were vacant.
She folded her handkerchief neatly.
The mysterious diary records the voice.
A song can make or ruin a person\'s day if they let it get to them.
Please wait outside of the house.
"He turned in the research paper on Friday; otherwise, he would have not passed the class."
Sixty-Four comes asking for bread.
Let me help you with your baggage.
If Purple People Eaters are real where do they find purple people to eat?
He told us a very exciting adventure story.
"Yeah, I think it\'s a good environment for learning English."
The clock within this blog and the clock on my laptop are 1 hour different from each other.
"I think I will buy the red car, or I will lease the blue one."
The body may perhaps compensates for the loss of a true metaphysics.
How was the math test?
I\'d rather be a bird than a fish.
She always speaks to him in a loud voice.
This is the last random sentence I will be writing and I am going to stop mid-sent
She was too short to see over the fence.
"Should we start class now, or should we wait for everyone to get here?"
Malls are great places to shop; I can find everything I need under one roof.
If the Easter Bunny and the Tooth Fairy had babies would they take your teeth and leave chocolate for you?
"Italy is my favorite country; in fact, I plan to spend two weeks there next year."
"If I don\'t like something, I\'ll stay away from it."
I often see the time 11:11 or 12:34 on clocks.
I checked to make sure that he was still alive.
"We have never been to Asia, nor have we visited Africa."
This is a Japanese doll.
Joe made the sugar cookies; Susan decorated them.
"She wrote him a long letter, but he didn\'t read it."
Lets all be unique together until we realise we are all the same.
Last Friday in three week\'s time I saw a spotted striped blue worm shake hands with a legless lizard.
The old apple revels in its authority.
I love eating toasted cheese and tuna sandwiches.
I am happy to take your donation; any amount will be greatly appreciated.
A purple pig and a green donkey flew a kite in the middle of the night and ended up sunburnt.
I am never at home on Sundays.
My Mum tries to be cool by saying that she likes all the same things that I do.
"He ran out of money, so he had to stop playing poker."
Rock music approaches at high velocity.
The quick brown fox jumps over the lazy dog.
The shooter says goodbye to his love.
Writing a list of random sentences is harder than I initially thought it would be.
The book is in front of the table.
"It was getting dark, and we weren\'t there yet."
We need to rent a room for our party.
The memory we used to share is no longer coherent.
"I really want to go to work, but I am too sick to drive."
"There was no ice cream in the freezer, nor did they have money to go to the store."
"Wow, does that work?"
The lake is a long way from here.
"She works two jobs to make ends meet; at least, that was her reason for not having time to join us."
Mary plays the piano.
"Everyone was busy, so I went to the movie alone."
"Cats are good pets, for they are clean and are not noisy."
What was the person thinking when they discovered cow\'s milk was fine for human consumption and why did they do it in the first place!?
"He said he was not there yesterday; however, many people saw him there."
I want to buy a onesie but know it won\'t suit me.
She did her best to help him.
The stranger officiates the meal.
Tom got a small piece of pie.
"Wednesday is hump day, but has anyone asked the camel if he\'s happy about it?"
Sometimes it is better to just walk away from things and go back to them later when you\'re in a better frame of mind.
I want more detailed information.
I was very proud of my nickname throughout high school but today- I couldn\'t be any different to what my nickname was.
Where do random thoughts come from?
She advised him to come back at once.
I will never be this young again. Ever. Oh damn I just got older.
Abstraction is often one floor above you.
She only paints with bold colors; she does not like pastels.
If you like tuna and tomato sauce- try combining the two. It\'s really not as bad as it sounds.
Hurry!
Check back tomorrow; I will see if the book has arrived.
"She did not cheat on the test, for it was not the right thing to do."
The river stole the gods.
The waves were crashing on the shore; it was a lovely sight.
"He didn\'t want to go to the dentist, yet he went anyway."
"I would have gotten the promotion, but my attendance wasn\'t good enough."
"I am counting my calories, yet I really want dessert."
Someone I know recently combined Maple Syrup & buttered Popcorn thinking it would taste like caramel popcorn. It didn\'t and they don\'t recommend anyone else do it either.
Christmas is coming.
"I would have gotten the promotion, but my attendance wasn\'t good enough."
Abstraction is often one floor above you.
We need to rent a room for our party.
"They got there early, and they got really good seats."
"It was getting dark, and we weren\'t there yet."
The old apple revels in its authority.
Let me help you with your baggage.
I often see the time 11:11 or 12:34 on clocks.
The shooter says goodbye to his love.
Sometimes it is better to just walk away from things and go back to them later when you\'re in a better frame of mind.
Last Friday in three week\'s time I saw a spotted striped blue worm shake hands with a legless lizard.
"He ran out of money, so he had to stop playing poker."
"She works two jobs to make ends meet; at least, that was her reason for not having time to join us."
I\'d rather be a bird than a fish.
When I was little I had a car door slammed shut on my hand. I still remember it quite vividly.
If you like tuna and tomato sauce- try combining the two. It\'s really not as bad as it sounds.
"Should we start class now, or should we wait for everyone to get here?"
I am never at home on Sundays.
"Cats are good pets, for they are clean and are not noisy."
"I think I will buy the red car, or I will lease the blue one."
She was too short to see over the fence.
"She did not cheat on the test, for it was not the right thing to do."
The lake is a long way from here.
I hear that Nancy is very pretty.
"Yeah, I think it\'s a good environment for learning English."
She advised him to come back at once.
She borrowed the book from him many years ago and hasn\'t yet returned it.
"Everyone was busy, so I went to the movie alone."
If Purple People Eaters are real where do they find purple people to eat?
We have a lot of rain in June.
I love eating toasted cheese and tuna sandwiches.
I am happy to take your donation; any amount will be greatly appreciated.
The body may perhaps compensates for the loss of a true metaphysics.
Hurry!
Lets all be unique together until we realise we are all the same.
Is it free?
This is the last random sentence I will be writing and I am going to stop mid-sent
"I really want to go to work, but I am too sick to drive."
"Sometimes, all you need to do is completely make an ass of yourself and laugh it off to realise that life isn\'t so bad after all."
What was the person thinking when they discovered cow\'s milk was fine for human consumption and why did they do it in the first place!?
Don\'t step on the broken glass.
Christmas is coming.
"We have never been to Asia, nor have we visited Africa."
He told us a very exciting adventure story.
The clock within this blog and the clock on my laptop are 1 hour different from each other.
Two seats were vacant.
How was the math test?
I want more detailed information.
I checked to make sure that he was still alive.
She did her best to help him.
Mary plays the piano.
The mysterious diary records the voice.
She always speaks to him in a loud voice.
The sky is clear; the stars are twinkling.
The book is in front of the table.
A glittering gem is not enough.
"Italy is my favorite country; in fact, I plan to spend two weeks there next year."
"He said he was not there yesterday; however, many people saw him there."
"Wow, does that work?"
Tom got a small piece of pie.
Please wait outside of the house.
A purple pig and a green donkey flew a kite in the middle of the night and ended up sunburnt.
I want to buy a onesie but know it won\'t suit me.
"I am counting my calories, yet I really want dessert."
"He didn\'t want to go to the dentist, yet he went anyway."
Malls are great places to shop; I can find everything I need under one roof.
The quick brown fox jumps over the lazy dog.
The waves were crashing on the shore; it was a lovely sight.
The memory we used to share is no longer coherent.
Check back tomorrow; I will see if the book has arrived.
Joe made the sugar cookies; Susan decorated them.
If the Easter Bunny and the Tooth Fairy had babies would they take your teeth and leave chocolate for you?
She only paints with bold colors; she does not like pastels.
Sixty-Four comes asking for bread.
"He turned in the research paper on Friday; otherwise, he would have not passed the class."
"There were white out conditions in the town; subsequently, the roads were impassable."
My Mum tries to be cool by saying that she likes all the same things that I do.
"There was no ice cream in the freezer, nor did they have money to go to the store."
I will never be this young again. Ever. Oh damn I just got older.
Where do random thoughts come from?
I currently have 4 windows open up and I don\'t know why.
A song can make or ruin a person\'s day if they let it get to them.
Rock music approaches at high velocity.
Someone I know recently combined Maple Syrup & buttered Popcorn thinking it would taste like caramel popcorn. It didn\'t and they don\'t recommend anyone else do it either.
"Wednesday is hump day, but has anyone asked the camel if he\'s happy about it?"
"If I don\'t like something, I\'ll stay away from it."
"She wrote him a long letter, but he didn\'t read it."
The river stole the gods.
I was very proud of my nickname throughout high school but today- I couldn\'t be any different to what my nickname was.
This is a Japanese doll.
The stranger officiates the meal.
She folded her handkerchief neatly.
Writing a list of random sentences is harder than I initially thought it would be.
